n=100 mode=point	lumen-rel-patch	nodes.total	101
n=100 mode=point	lumen-rel-patch	nodes.rebuilt	0
n=100 mode=point	lumen-rel-patch	nodes.copied	0
n=100 mode=point	lumen-rel-patch	total_us	41.7
n=100 mode=point	lumen-rel-patch	rss.base_kb	2764
n=100 mode=point	lumen-rel-patch	rss.built_kb	6616
n=100 mode=point	lumen-rel-patch	rss.peak_kb	7528
n=100 mode=point	lumen-rel-rebuild	nodes.total	101
n=100 mode=point	lumen-rel-rebuild	nodes.rebuilt	2
n=100 mode=point	lumen-rel-rebuild	nodes.copied	99
n=100 mode=point	lumen-rel-rebuild	total_us	66.1
n=100 mode=point	lumen-rel-rebuild	rss.base_kb	2768
n=100 mode=point	lumen-rel-rebuild	rss.built_kb	6796
n=100 mode=point	lumen-rel-rebuild	rss.peak_kb	7904
n=100 mode=point	lumen-dev-patch	nodes.total	101
n=100 mode=point	lumen-dev-patch	nodes.rebuilt	0
n=100 mode=point	lumen-dev-patch	nodes.copied	0
n=100 mode=point	lumen-dev-patch	total_us	178.8
n=100 mode=point	lumen-dev-patch	rss.base_kb	2716
n=100 mode=point	lumen-dev-patch	rss.built_kb	6968
n=100 mode=point	lumen-dev-patch	rss.peak_kb	7980
n=100 mode=point	lumen-dev-rebuild	nodes.total	101
n=100 mode=point	lumen-dev-rebuild	nodes.rebuilt	2
n=100 mode=point	lumen-dev-rebuild	nodes.copied	99
n=100 mode=point	lumen-dev-rebuild	total_us	204.5
n=100 mode=point	lumen-dev-rebuild	rss.base_kb	2780
n=100 mode=point	lumen-dev-rebuild	rss.built_kb	7288
n=100 mode=point	lumen-dev-rebuild	rss.peak_kb	8348
n=100 mode=point	qt6	stage.idle_paint	192.2
n=100 mode=point	qt6	stage.set	0.5
n=100 mode=point	qt6	stage.set_layout	13.5
n=100 mode=point	qt6	stage.set_layout_paint	206.5
n=100 mode=point	qt6	total_us	13.5
n=100 mode=point	qt6	rss.base_kb	20920
n=100 mode=point	qt6	rss.built_kb	33024
n=100 mode=point	qt6	rss.peak_kb	33032
n=100 mode=point	gtk4	stage.set	0.6
n=100 mode=point	gtk4	stage.set_measure	8.8
n=100 mode=point	gtk4	total_us	8.8
n=100 mode=point	gtk4	frame.sustained_ms	21.13
n=100 mode=point	gtk4	frame.count	142
n=100 mode=point	gtk4	frame.vsync_floor_ms	16.67
n=100 mode=point	gtk4	frame.vsync_bound	no
n=100 mode=point	gtk4	rss.base_kb	113880
n=100 mode=point	gtk4	rss.built_kb	138760
n=100 mode=point	gtk4	rss.peak_kb	140808
n=100 mode=churn	lumen-rel-patch	nodes.total	101
n=100 mode=churn	lumen-rel-patch	nodes.rebuilt	0
n=100 mode=churn	lumen-rel-patch	nodes.copied	0
n=100 mode=churn	lumen-rel-patch	total_us	1467.8
n=100 mode=churn	lumen-rel-patch	rss.base_kb	2816
n=100 mode=churn	lumen-rel-patch	rss.built_kb	13252
n=100 mode=churn	lumen-rel-patch	rss.peak_kb	33536
n=100 mode=churn	lumen-rel-rebuild	nodes.total	101
n=100 mode=churn	lumen-rel-rebuild	nodes.rebuilt	101
n=100 mode=churn	lumen-rel-rebuild	nodes.copied	0
n=100 mode=churn	lumen-rel-rebuild	total_us	1531.3
n=100 mode=churn	lumen-rel-rebuild	rss.base_kb	2752
n=100 mode=churn	lumen-rel-rebuild	rss.built_kb	13840
n=100 mode=churn	lumen-rel-rebuild	rss.peak_kb	16452
n=100 mode=churn	lumen-dev-patch	nodes.total	101
n=100 mode=churn	lumen-dev-patch	nodes.rebuilt	0
n=100 mode=churn	lumen-dev-patch	nodes.copied	0
n=100 mode=churn	lumen-dev-patch	total_us	1633.7
n=100 mode=churn	lumen-dev-patch	rss.base_kb	2716
n=100 mode=churn	lumen-dev-patch	rss.built_kb	13584
n=100 mode=churn	lumen-dev-patch	rss.peak_kb	33792
n=100 mode=churn	lumen-dev-rebuild	nodes.total	101
n=100 mode=churn	lumen-dev-rebuild	nodes.rebuilt	101
n=100 mode=churn	lumen-dev-rebuild	nodes.copied	0
n=100 mode=churn	lumen-dev-rebuild	total_us	1708.7
n=100 mode=churn	lumen-dev-rebuild	rss.base_kb	2844
n=100 mode=churn	lumen-dev-rebuild	rss.built_kb	14384
n=100 mode=churn	lumen-dev-rebuild	rss.peak_kb	17080
n=100 mode=churn	qt6	stage.idle_paint	263.6
n=100 mode=churn	qt6	stage.set	34.8
n=100 mode=churn	qt6	stage.set_layout	688.3
n=100 mode=churn	qt6	stage.set_layout_paint	957.4
n=100 mode=churn	qt6	total_us	688.3
n=100 mode=churn	qt6	rss.base_kb	20948
n=100 mode=churn	qt6	rss.built_kb	33112
n=100 mode=churn	qt6	rss.peak_kb	33120
n=100 mode=churn	gtk4	stage.set	55.3
n=100 mode=churn	gtk4	stage.set_measure	460.1
n=100 mode=churn	gtk4	total_us	460.1
n=100 mode=churn	gtk4	frame.sustained_ms	19.87
n=100 mode=churn	gtk4	frame.count	151
n=100 mode=churn	gtk4	frame.vsync_floor_ms	16.67
n=100 mode=churn	gtk4	frame.vsync_bound	no
n=100 mode=churn	gtk4	rss.base_kb	113760
n=100 mode=churn	gtk4	rss.built_kb	138780
n=100 mode=churn	gtk4	rss.peak_kb	140828
n=1000 mode=point	lumen-rel-patch	nodes.total	1001
n=1000 mode=point	lumen-rel-patch	nodes.rebuilt	0
n=1000 mode=point	lumen-rel-patch	nodes.copied	0
n=1000 mode=point	lumen-rel-patch	total_us	61.0
n=1000 mode=point	lumen-rel-patch	rss.base_kb	2828
n=1000 mode=point	lumen-rel-patch	rss.built_kb	12216
n=1000 mode=point	lumen-rel-patch	rss.peak_kb	13052
n=1000 mode=point	lumen-rel-rebuild	nodes.total	1001
n=1000 mode=point	lumen-rel-rebuild	nodes.rebuilt	2
n=1000 mode=point	lumen-rel-rebuild	nodes.copied	999
n=1000 mode=point	lumen-rel-rebuild	total_us	325.3
n=1000 mode=point	lumen-rel-rebuild	rss.base_kb	2764
n=1000 mode=point	lumen-rel-rebuild	rss.built_kb	15092
n=1000 mode=point	lumen-rel-rebuild	rss.peak_kb	16088
n=1000 mode=point	lumen-dev-patch	nodes.total	1001
n=1000 mode=point	lumen-dev-patch	nodes.rebuilt	0
n=1000 mode=point	lumen-dev-patch	nodes.copied	0
n=1000 mode=point	lumen-dev-patch	total_us	2142.5
n=1000 mode=point	lumen-dev-patch	rss.base_kb	2832
n=1000 mode=point	lumen-dev-patch	rss.built_kb	14524
n=1000 mode=point	lumen-dev-patch	rss.peak_kb	15440
n=1000 mode=point	lumen-dev-rebuild	nodes.total	1001
n=1000 mode=point	lumen-dev-rebuild	nodes.rebuilt	2
n=1000 mode=point	lumen-dev-rebuild	nodes.copied	999
n=1000 mode=point	lumen-dev-rebuild	total_us	2408.7
n=1000 mode=point	lumen-dev-rebuild	rss.base_kb	2788
n=1000 mode=point	lumen-dev-rebuild	rss.built_kb	16948
n=1000 mode=point	lumen-dev-rebuild	rss.peak_kb	18948
n=1000 mode=point	qt6	stage.idle_paint	213.1
n=1000 mode=point	qt6	stage.set	0.5
n=1000 mode=point	qt6	stage.set_layout	67.1
n=1000 mode=point	qt6	stage.set_layout_paint	297.7
n=1000 mode=point	qt6	total_us	67.1
n=1000 mode=point	qt6	rss.base_kb	20980
n=1000 mode=point	qt6	rss.built_kb	59584
n=1000 mode=point	qt6	rss.peak_kb	59584
n=1000 mode=point	gtk4	stage.set	0.6
n=1000 mode=point	gtk4	stage.set_measure	40.3
n=1000 mode=point	gtk4	total_us	40.3
n=1000 mode=point	gtk4	frame.sustained_ms	23.08
n=1000 mode=point	gtk4	frame.count	130
n=1000 mode=point	gtk4	frame.vsync_floor_ms	16.67
n=1000 mode=point	gtk4	frame.vsync_bound	no
n=1000 mode=point	gtk4	rss.base_kb	113876
n=1000 mode=point	gtk4	rss.built_kb	142972
n=1000 mode=point	gtk4	rss.peak_kb	145020
n=1000 mode=churn	lumen-rel-patch	nodes.total	1001
n=1000 mode=churn	lumen-rel-patch	nodes.rebuilt	0
n=1000 mode=churn	lumen-rel-patch	nodes.copied	0
n=1000 mode=churn	lumen-rel-patch	total_us	5136.8
n=1000 mode=churn	lumen-rel-patch	rss.base_kb	2820
n=1000 mode=churn	lumen-rel-patch	rss.built_kb	56204
n=1000 mode=churn	lumen-rel-patch	rss.peak_kb	59736
n=1000 mode=churn	lumen-rel-rebuild	nodes.total	1001
n=1000 mode=churn	lumen-rel-rebuild	nodes.rebuilt	1001
n=1000 mode=churn	lumen-rel-rebuild	nodes.copied	0
n=1000 mode=churn	lumen-rel-rebuild	total_us	5700.9
n=1000 mode=churn	lumen-rel-rebuild	rss.base_kb	2820
n=1000 mode=churn	lumen-rel-rebuild	rss.built_kb	27424
n=1000 mode=churn	lumen-rel-rebuild	rss.peak_kb	37152
n=1000 mode=churn	lumen-dev-patch	nodes.total	1001
n=1000 mode=churn	lumen-dev-patch	nodes.rebuilt	0
n=1000 mode=churn	lumen-dev-patch	nodes.copied	0
n=1000 mode=churn	lumen-dev-patch	total_us	7620.3
n=1000 mode=churn	lumen-dev-patch	rss.base_kb	2848
n=1000 mode=churn	lumen-dev-patch	rss.built_kb	58164
n=1000 mode=churn	lumen-dev-patch	rss.peak_kb	61816
n=1000 mode=churn	lumen-dev-rebuild	nodes.total	1001
n=1000 mode=churn	lumen-dev-rebuild	nodes.rebuilt	1001
n=1000 mode=churn	lumen-dev-rebuild	nodes.copied	0
n=1000 mode=churn	lumen-dev-rebuild	total_us	8088.5
n=1000 mode=churn	lumen-dev-rebuild	rss.base_kb	2772
n=1000 mode=churn	lumen-dev-rebuild	rss.built_kb	28576
n=1000 mode=churn	lumen-dev-rebuild	rss.peak_kb	39508
n=1000 mode=churn	qt6	stage.idle_paint	289.6
n=1000 mode=churn	qt6	stage.set	339.5
n=1000 mode=churn	qt6	stage.set_layout	6871.4
n=1000 mode=churn	qt6	stage.set_layout_paint	7192.7
n=1000 mode=churn	qt6	total_us	6871.4
n=1000 mode=churn	qt6	rss.base_kb	21032
n=1000 mode=churn	qt6	rss.built_kb	59688
n=1000 mode=churn	qt6	rss.peak_kb	59688
n=1000 mode=churn	gtk4	stage.set	577.5
n=1000 mode=churn	gtk4	stage.set_measure	4678.3
n=1000 mode=churn	gtk4	total_us	4678.3
n=1000 mode=churn	gtk4	frame.sustained_ms	18.99
n=1000 mode=churn	gtk4	frame.count	158
n=1000 mode=churn	gtk4	frame.vsync_floor_ms	16.67
n=1000 mode=churn	gtk4	frame.vsync_bound	no
n=1000 mode=churn	gtk4	rss.base_kb	113856
n=1000 mode=churn	gtk4	rss.built_kb	143796
n=1000 mode=churn	gtk4	rss.peak_kb	145856
n=3000 mode=point	lumen-rel-patch	nodes.total	3001
n=3000 mode=point	lumen-rel-patch	nodes.rebuilt	0
n=3000 mode=point	lumen-rel-patch	nodes.copied	0
n=3000 mode=point	lumen-rel-patch	total_us	93.1
n=3000 mode=point	lumen-rel-patch	rss.base_kb	2748
n=3000 mode=point	lumen-rel-patch	rss.built_kb	23064
n=3000 mode=point	lumen-rel-patch	rss.peak_kb	24008
n=3000 mode=point	lumen-rel-rebuild	nodes.total	3001
n=3000 mode=point	lumen-rel-rebuild	nodes.rebuilt	2
n=3000 mode=point	lumen-rel-rebuild	nodes.copied	2999
n=3000 mode=point	lumen-rel-rebuild	total_us	850.6
n=3000 mode=point	lumen-rel-rebuild	rss.base_kb	2792
n=3000 mode=point	lumen-rel-rebuild	rss.built_kb	30656
n=3000 mode=point	lumen-rel-rebuild	rss.peak_kb	31480
n=3000 mode=point	lumen-dev-patch	nodes.total	3001
n=3000 mode=point	lumen-dev-patch	nodes.rebuilt	0
n=3000 mode=point	lumen-dev-patch	nodes.copied	0
n=3000 mode=point	lumen-dev-patch	total_us	10439.1
n=3000 mode=point	lumen-dev-patch	rss.base_kb	2756
n=3000 mode=point	lumen-dev-patch	rss.built_kb	27616
n=3000 mode=point	lumen-dev-patch	rss.peak_kb	28488
n=3000 mode=point	lumen-dev-rebuild	nodes.total	3001
n=3000 mode=point	lumen-dev-rebuild	nodes.rebuilt	2
n=3000 mode=point	lumen-dev-rebuild	nodes.copied	2999
n=3000 mode=point	lumen-dev-rebuild	total_us	11253.3
n=3000 mode=point	lumen-dev-rebuild	rss.base_kb	2824
n=3000 mode=point	lumen-dev-rebuild	rss.built_kb	34712
n=3000 mode=point	lumen-dev-rebuild	rss.peak_kb	35576
n=3000 mode=point	qt6	stage.idle_paint	277.0
n=3000 mode=point	qt6	stage.set	1.2
n=3000 mode=point	qt6	stage.set_layout	209.6
n=3000 mode=point	qt6	stage.set_layout_paint	542.0
n=3000 mode=point	qt6	total_us	209.6
n=3000 mode=point	qt6	rss.base_kb	21000
n=3000 mode=point	qt6	rss.built_kb	118480
n=3000 mode=point	qt6	rss.peak_kb	118560
n=3000 mode=point	gtk4	stage.set	0.7
n=3000 mode=point	gtk4	stage.set_measure	110.8
n=3000 mode=point	gtk4	total_us	110.8
n=3000 mode=point	gtk4	frame.sustained_ms	22.73
n=3000 mode=point	gtk4	frame.count	132
n=3000 mode=point	gtk4	frame.vsync_floor_ms	16.67
n=3000 mode=point	gtk4	frame.vsync_bound	no
n=3000 mode=point	gtk4	rss.base_kb	117624
n=3000 mode=point	gtk4	rss.built_kb	152304
n=3000 mode=point	gtk4	rss.peak_kb	222592
n=3000 mode=churn	lumen-rel-patch	nodes.total	3001
n=3000 mode=churn	lumen-rel-patch	nodes.rebuilt	0
n=3000 mode=churn	lumen-rel-patch	nodes.copied	0
n=3000 mode=churn	lumen-rel-patch	total_us	13361.0
n=3000 mode=churn	lumen-rel-patch	rss.base_kb	2788
n=3000 mode=churn	lumen-rel-patch	rss.built_kb	63000
n=3000 mode=churn	lumen-rel-patch	rss.peak_kb	66272
n=3000 mode=churn	lumen-rel-rebuild	nodes.total	3001
n=3000 mode=churn	lumen-rel-rebuild	nodes.rebuilt	3001
n=3000 mode=churn	lumen-rel-rebuild	nodes.copied	0
n=3000 mode=churn	lumen-rel-rebuild	total_us	16096.0
n=3000 mode=churn	lumen-rel-rebuild	rss.base_kb	2812
n=3000 mode=churn	lumen-rel-rebuild	rss.built_kb	70148
n=3000 mode=churn	lumen-rel-rebuild	rss.peak_kb	79652
n=3000 mode=churn	lumen-dev-patch	nodes.total	3001
n=3000 mode=churn	lumen-dev-patch	nodes.rebuilt	0
n=3000 mode=churn	lumen-dev-patch	nodes.copied	0
n=3000 mode=churn	lumen-dev-patch	total_us	25209.8
n=3000 mode=churn	lumen-dev-patch	rss.base_kb	2768
n=3000 mode=churn	lumen-dev-patch	rss.built_kb	66892
n=3000 mode=churn	lumen-dev-patch	rss.peak_kb	70608
n=3000 mode=churn	lumen-dev-rebuild	nodes.total	3001
n=3000 mode=churn	lumen-dev-rebuild	nodes.rebuilt	3001
n=3000 mode=churn	lumen-dev-rebuild	nodes.copied	0
n=3000 mode=churn	lumen-dev-rebuild	total_us	27344.4
n=3000 mode=churn	lumen-dev-rebuild	rss.base_kb	2788
n=3000 mode=churn	lumen-dev-rebuild	rss.built_kb	75768
n=3000 mode=churn	lumen-dev-rebuild	rss.peak_kb	85384
n=3000 mode=churn	qt6	stage.idle_paint	355.7
n=3000 mode=churn	qt6	stage.set	979.1
n=3000 mode=churn	qt6	stage.set_layout	20664.6
n=3000 mode=churn	qt6	stage.set_layout_paint	21012.2
n=3000 mode=churn	qt6	total_us	20664.6
n=3000 mode=churn	qt6	rss.base_kb	21040
n=3000 mode=churn	qt6	rss.built_kb	118600
n=3000 mode=churn	qt6	rss.peak_kb	118600
n=3000 mode=churn	gtk4	stage.set	1788.5
n=3000 mode=churn	gtk4	stage.set_measure	14369.5
n=3000 mode=churn	gtk4	total_us	14369.5
n=3000 mode=churn	gtk4	frame.sustained_ms	24.59
n=3000 mode=churn	gtk4	frame.count	122
n=3000 mode=churn	gtk4	frame.vsync_floor_ms	16.67
n=3000 mode=churn	gtk4	frame.vsync_bound	no
n=3000 mode=churn	gtk4	rss.base_kb	117528
n=3000 mode=churn	gtk4	rss.built_kb	156676
n=3000 mode=churn	gtk4	rss.peak_kb	156708
n=10000 mode=point	lumen-rel-patch	nodes.total	10001
n=10000 mode=point	lumen-rel-patch	nodes.rebuilt	0
n=10000 mode=point	lumen-rel-patch	nodes.copied	0
n=10000 mode=point	lumen-rel-patch	total_us	283.9
n=10000 mode=point	lumen-rel-patch	rss.base_kb	2756
n=10000 mode=point	lumen-rel-patch	rss.built_kb	66676
n=10000 mode=point	lumen-rel-patch	rss.peak_kb	73316
n=10000 mode=point	lumen-rel-rebuild	nodes.total	10001
n=10000 mode=point	lumen-rel-rebuild	nodes.rebuilt	2
n=10000 mode=point	lumen-rel-rebuild	nodes.copied	9999
n=10000 mode=point	lumen-rel-rebuild	total_us	3550.4
n=10000 mode=point	lumen-rel-rebuild	rss.base_kb	2748
n=10000 mode=point	lumen-rel-rebuild	rss.built_kb	92588
n=10000 mode=point	lumen-rel-rebuild	rss.peak_kb	93392
n=10000 mode=point	lumen-dev-patch	nodes.total	10001
n=10000 mode=point	lumen-dev-patch	nodes.rebuilt	0
n=10000 mode=point	lumen-dev-patch	nodes.copied	0
n=10000 mode=point	lumen-dev-patch	total_us	86325.3
n=10000 mode=point	lumen-dev-patch	rss.base_kb	2880
n=10000 mode=point	lumen-dev-patch	rss.built_kb	81472
n=10000 mode=point	lumen-dev-patch	rss.peak_kb	81600
n=10000 mode=point	lumen-dev-rebuild	nodes.total	10001
n=10000 mode=point	lumen-dev-rebuild	nodes.rebuilt	2
n=10000 mode=point	lumen-dev-rebuild	nodes.copied	9999
n=10000 mode=point	lumen-dev-rebuild	total_us	94387.1
n=10000 mode=point	lumen-dev-rebuild	rss.base_kb	2768
n=10000 mode=point	lumen-dev-rebuild	rss.built_kb	104224
n=10000 mode=point	lumen-dev-rebuild	rss.peak_kb	104224
n=10000 mode=point	qt6	stage.idle_paint	472.9
n=10000 mode=point	qt6	stage.set	1.2
n=10000 mode=point	qt6	stage.set_layout	706.9
n=10000 mode=point	qt6	stage.set_layout_paint	1400.7
n=10000 mode=point	qt6	total_us	706.9
n=10000 mode=point	qt6	rss.base_kb	20960
n=10000 mode=point	qt6	rss.built_kb	324604
n=10000 mode=point	qt6	rss.peak_kb	324604
n=10000 mode=point	gtk4	stage.set	1.4
n=10000 mode=point	gtk4	stage.set_measure	396.5
n=10000 mode=point	gtk4	total_us	396.5
n=10000 mode=point	gtk4	frame.sustained_ms	25.64
n=10000 mode=point	gtk4	frame.count	117
n=10000 mode=point	gtk4	frame.vsync_floor_ms	16.67
n=10000 mode=point	gtk4	frame.vsync_bound	no
n=10000 mode=point	gtk4	rss.base_kb	113720
n=10000 mode=point	gtk4	rss.built_kb	186780
n=10000 mode=point	gtk4	rss.peak_kb	195820
n=10000 mode=churn	lumen-rel-patch	nodes.total	10001
n=10000 mode=churn	lumen-rel-patch	nodes.rebuilt	0
n=10000 mode=churn	lumen-rel-patch	nodes.copied	0
n=10000 mode=churn	lumen-rel-patch	total_us	45843.4
n=10000 mode=churn	lumen-rel-patch	rss.base_kb	2748
n=10000 mode=churn	lumen-rel-patch	rss.built_kb	90348
n=10000 mode=churn	lumen-rel-patch	rss.peak_kb	93884
n=10000 mode=churn	lumen-rel-rebuild	nodes.total	10001
n=10000 mode=churn	lumen-rel-rebuild	nodes.rebuilt	10001
n=10000 mode=churn	lumen-rel-rebuild	nodes.copied	0
n=10000 mode=churn	lumen-rel-rebuild	total_us	60622.5
n=10000 mode=churn	lumen-rel-rebuild	rss.base_kb	2720
n=10000 mode=churn	lumen-rel-rebuild	rss.built_kb	144764
n=10000 mode=churn	lumen-rel-rebuild	rss.peak_kb	216216
n=10000 mode=churn	lumen-dev-patch	nodes.total	10001
n=10000 mode=churn	lumen-dev-patch	nodes.rebuilt	0
n=10000 mode=churn	lumen-dev-patch	nodes.copied	0
n=10000 mode=churn	lumen-dev-patch	total_us	171315.7
n=10000 mode=churn	lumen-dev-patch	rss.base_kb	2784
n=10000 mode=churn	lumen-dev-patch	rss.built_kb	102632
n=10000 mode=churn	lumen-dev-patch	rss.peak_kb	107188
n=10000 mode=churn	lumen-dev-rebuild	nodes.total	10001
n=10000 mode=churn	lumen-dev-rebuild	nodes.rebuilt	10001
n=10000 mode=churn	lumen-dev-rebuild	nodes.copied	0
n=10000 mode=churn	lumen-dev-rebuild	total_us	164977.0
n=10000 mode=churn	lumen-dev-rebuild	rss.base_kb	2788
n=10000 mode=churn	lumen-dev-rebuild	rss.built_kb	159244
n=10000 mode=churn	lumen-dev-rebuild	rss.peak_kb	233600
n=10000 mode=churn	qt6	stage.idle_paint	567.1
n=10000 mode=churn	qt6	stage.set	3350.9
n=10000 mode=churn	qt6	stage.set_layout	68952.9
n=10000 mode=churn	qt6	stage.set_layout_paint	69792.8
n=10000 mode=churn	qt6	total_us	68952.9
n=10000 mode=churn	qt6	rss.base_kb	20992
n=10000 mode=churn	qt6	rss.built_kb	325152
n=10000 mode=churn	qt6	rss.peak_kb	325464
n=10000 mode=churn	gtk4	stage.set	6728.1
n=10000 mode=churn	gtk4	stage.set_measure	49821.8
n=10000 mode=churn	gtk4	total_us	49821.8
n=10000 mode=churn	gtk4	frame.sustained_ms	63.79
n=10000 mode=churn	gtk4	frame.count	48
n=10000 mode=churn	gtk4	frame.vsync_floor_ms	16.67
n=10000 mode=churn	gtk4	frame.vsync_bound	no
n=10000 mode=churn	gtk4	rss.base_kb	113932
n=10000 mode=churn	gtk4	rss.built_kb	197572
n=10000 mode=churn	gtk4	rss.peak_kb	201064
